relative_path,asset_class,include_status,size_bytes,sha256
.gitignore,other,supporting_documentation,99,83852bccd861565e99ea97ca767034ac7f27838b6d7fc2a8fd06f4932f9afa09
README.md,documentation,supporting_documentation,3013,974a6411e2ac857005d009656e72de478f9109633194fe3ed74188165fd313f3
code/SOUND1_0_source_and_inputs/.classpath,code_candidate,candidate_include_after_manifest_and_license_review,220,3c0d7f8312f07d842950bace43981f8bd817b92e73a10ce77a47fa63dacaec28
code/SOUND1_0_source_and_inputs/.project,code_candidate,candidate_include_after_manifest_and_license_review,387,0544c44aecb158456722c2b22d7a0e7378aba85cd02029fd35e32a4e631a9311
code/SOUND1_0_source_and_inputs/Automata.java,code_candidate,candidate_include_after_manifest_and_license_review,12269,84acd00f45d30e5a93517be514319f6e242adf75bc80423d5fa629af15815f2c
code/SOUND1_0_source_and_inputs/Batch.txt,documentation,supporting_documentation,70,f85a7efd1b3ef2a2542c17fc5de72c054f4eb5933389fade47fc705eb3ad3a22
code/SOUND1_0_source_and_inputs/BooleanStack.java,code_candidate,candidate_include_after_manifest_and_license_review,2061,10d44e29b96e41b0aab9325b9e5e073e62291e66e7c7caaaf6da6ba34ace1848
code/SOUND1_0_source_and_inputs/Demo.java,code_candidate,candidate_include_after_manifest_and_license_review,91779,aacfc14d6d4608ece24cce10421e3b631975fffd7c9765bc240e01d7f6113a12
code/SOUND1_0_source_and_inputs/DijkstrasAlgo.java,code_candidate,candidate_include_after_manifest_and_license_review,6955,0e707c6ff0cee3a35eda8f03b955571a2c8cc6e10a8c7fae149a67c4eebd564f
code/SOUND1_0_source_and_inputs/DirectedGraph.java,code_candidate,candidate_include_after_manifest_and_license_review,34730,453e4e4a5be8d58759d80a9280c98717b0e46e82d986e67171d2db7af886f846
code/SOUND1_0_source_and_inputs/FloatStack.java,code_candidate,candidate_include_after_manifest_and_license_review,2184,5459c542296e54237d4bac16724c3032d496d23ea121a3d01748667b6d8a774d
code/SOUND1_0_source_and_inputs/Grid10.txt,documentation,supporting_documentation,11692,fcca75b4d4f1b7a902818cd4d2ea37d9824ff283f891db78c3b9512b76c0e00c
code/SOUND1_0_source_and_inputs/Grid100.txt,documentation,supporting_documentation,419946,4a9e7ba5421828044562838430547c1fdfde8c33076d00fe8c0f1206354ec776
code/SOUND1_0_source_and_inputs/Grid15.txt,documentation,supporting_documentation,27552,a9c39ef1c309f7348b38355d93f324013813e26175f08939fca69f6df34902b7
code/SOUND1_0_source_and_inputs/Grid20.txt,documentation,supporting_documentation,13844,d80ace0a2f76c17a46bb3cdc785191054da6355587bb4fd515523b96df36f9e7
code/SOUND1_0_source_and_inputs/Grid5.txt,documentation,supporting_documentation,620,c2fc82bcc9d99f852ecce43d187b2a1e0a02ee841946562dd7793aae0979d52a
code/SOUND1_0_source_and_inputs/Grid_3.txt,documentation,supporting_documentation,4247,3a6624a59de738c78c1325877fbf923fad81605458c4b9baaea2230462291c13
code/SOUND1_0_source_and_inputs/Grid_4.txt,documentation,supporting_documentation,49703,084af7ab0215b6a32e544a7a40cf9c90becc50cfe12061a5967c79dec58d6344
code/SOUND1_0_source_and_inputs/Grid_5.txt,documentation,supporting_documentation,267357,05361dd51685b484e5555fe41e14d10ceab33594c717b6c37c58d879c6ff0117
code/SOUND1_0_source_and_inputs/IntStack.java,code_candidate,candidate_include_after_manifest_and_license_review,2649,22089d256a3289f4bbc43797e4aac8ef1078bc39e296f2e0769f2de03fa1c2e4
code/SOUND1_0_source_and_inputs/Investment2.java,code_candidate,candidate_include_after_manifest_and_license_review,4410,e0af04daffaf9567edd3d66cc49a81f7f77cea5cf631bef9515a44cdfef47144
code/SOUND1_0_source_and_inputs/MenuFrame.java,code_candidate,candidate_include_after_manifest_and_license_review,1654,adde610a223582d88800e5b7a3caeaf0a997fa27675655a19ce83ed72f1c0269
code/SOUND1_0_source_and_inputs/NetworkDynamics.java,code_candidate,candidate_include_after_manifest_and_license_review,43223,c9b257b70e4baf1426f2ae0103ac1b7c45ab6e019879bf10cf471e7fd2bc25b3
code/SOUND1_0_source_and_inputs/Readme.txt,documentation,supporting_documentation,2113,a875298fe083135b921a7c6b11fe30e9d05b00f83a675b58c7c2309974a712fe
code/SOUND1_0_source_and_inputs/Revenue.java,code_candidate,candidate_include_after_manifest_and_license_review,3291,bcf27384801ee7bb820abe2db29bf8df1557b6d34f5d92d9a61bb7fb91622b03
code/SOUND1_0_source_and_inputs/TAssignment.java,code_candidate,candidate_include_after_manifest_and_license_review,18385,7dcd44af44a3021116e808d7b257cfee243a0ce89fa98588374249ce9bbe8729
code/SOUND1_0_source_and_inputs/WindowDestroyer.java,code_candidate,candidate_include_after_manifest_and_license_review,159,11856f7e0203dae084299a6f507b1fd6f5bfd0210987cb328c031e71e115d06c
code/SOUND1_0_source_and_inputs/cGrid_4.txt,documentation,supporting_documentation,53496,4884ea4baaa48bd063b642bd0dee277ba0fe0ebbf78fff81cf899fd2f04760f0
code/SOUND1_0_source_and_inputs/cGrid_5.txt,documentation,supporting_documentation,276543,5897d52b326f5eaea0799ebe2907602576d5fb24f0f76e4e9e46a8889b81a90f
code/SOUND1_0_source_and_inputs/hexagon_15.txt,documentation,supporting_documentation,61583,3e2f1ea4c8712f0e0166844c2e5bf0198a96e8cf6e5b4f27dd94f0afb55a3acf
code/SOUND1_0_source_and_inputs/iGrid_15.txt,documentation,supporting_documentation,70925,f479b2ce4206a2ed553b6d0c76c82aa0037518635d7f023516252c2b8ab84c2f
code/SOUND1_0_source_and_inputs/iGrid_20.txt,documentation,supporting_documentation,130970,553d62766b7f63e5f51b99ea478cecbeba04bccc280b8beb212b11e8dbf54902
code/SOUND1_0_source_and_inputs/iGrid_25.txt,documentation,supporting_documentation,211684,1d2c6e379761e8f029a8fe987565ee4d241a4fd54241fdb5a6562850da68fd8c
code/SOUND1_0_source_and_inputs/java.policy.applet,code_candidate,candidate_include_after_manifest_and_license_review,141,ffd1b79915143d7e04525335f1cdac42830c01710f47883fcba29e95a7918aa0
paper/README.md,paper_reference,reference_only_do_not_public_upload_without_rights,900,07a54fff247bf460388d070243969d32fd5593141a8aea3f6e8ad7526309ffad
paper/WeakestLink.pdf,paper_reference,reference_only_do_not_public_upload_without_rights,1417609,405f02d8402c8d99ef75c3e7b6fbbf82d94e1b2a1212c9ce7f84f7a86823f863
